file_no_archive,a9eae97d16350f7dc9728fe29bc92711381077117235bd8d036ee6c6bcd4f518,,,"1.jpg"
file_no_archive,20dc989bdb7bda32a446fae5af9195c37aae13a3eb98f675aa0f02ccd932a6da,,,"2.jpeg"
file_no_archive,cdc264afcafff75aadc7d278502869f5d4f64e3871f98ffb301a822996ab1d0d,,,"3.jpg"
file_no_archive,c494176c2ef4d450f215115298d3bb55a575d5b780911ee4786a3006b20af7c4,,,"4.jpg"
file_no_archive,1acf33c25c879b2fc0f49e8f70be38a70486e93326d112c32f2f1ff416bfdf12,,,"5.jpg"
file_no_archive,5da424003c37ba551bdcf7cd4374843052320e591744531bee4a6fe20e294f09,,,"6.jpg"
file_no_archive,772986d3695f84ee6abc6691e5632553516defa26f7221da7e0d15e80aea2ac0,,,"7.jpg"
file_no_archive,bfbbde82b7c3096c3dd54cd77e8b5f562b49c8d94ec891c348523faea7032c3e,,,"8.jpg"
file_no_archive,cd480c5340db9a03f6b09792f81aefbf4d0bba4cfcf6d80d8e2874bcf2c21809,,,"9.jpg"
file_no_archive,589528c885f1386c0b38e666009e4f7465adb12163352022f099c696df712951,,,"10.jpg"
file_no_archive,d76adb8c159b7bcada7f7cc88479931a63ce6b72f8f670b57dcb310ab0a1533b,,,"11.jpg"
file_no_archive,64ded62b94b7b3730246373fa8f3bf6ae9ebc44b7c7322ef47f104c5d525a286,,,"12.jpg"
file_no_archive,64365bab1b28f156ec3f86d401a012a48036fc8f869487fdab0cffae2fa56487,,,"13.png"
file_no_archive,6d980251698d3c9908e5d1e89eb51e768bf492f29c8e12f0879d841205f4d035,,,"14.jpg"
file_no_archive,89f6c3dc24f5e4d1e56d02ad3d670c22a879f1d37b702d15b12dab04f5b0ffed,,,"15.jpg"
file_no_archive,d666b8ad3902c2a494d00e55d76e57d4d7020da553efb9eafd2cacc8a9c2e4cd,,,"16.jpg"
file_no_archive,87b8f75f8d4e6691d6757fc0c6c1de42953724d8cad5cb5a554db70f7dfde049,,,"17.jpg"
file_no_archive,d7fedfab41c6cdaa2df126fceb7fae2263c438e891b5fbb69b861a3600805710,,,"18.png"
file_no_archive,fa9739f6c98d9a5baa71549912922118bad2390b49685d7b9aa4e7e29e023914,,,"19.jpg"
file_no_archive,28b7b410f3af58f7ddaa1e6703e60a6ef8da18d0d01485d48856785f1f50e667,,,"20.jpg"
file_no_archive,f685fe36f04afdec1218f190c7893cf4369242e2f6fea04753aa38c175e28bad,,,"21.jpg"
file_no_archive,7dc45e06518fcd2697de98cb9acc7f2d5c138c4f258bd94ef2e79154390286c7,,,"22.jpg"
file_no_archive,1f68f1576b09b5dfb69521d68250fff95d6064e1ed96728810203430e690de26,,,"23.jpg"
file_no_archive,20add297dba893f56e540d3860666c996aa0714ac7f4e89781787ea66a0f87f2,,,"24.jpg"
file_no_archive,e8cf57ed9c219ad06963a950a52f6a157bf3fc0fdc8e1896607d2ee4f0b05cda,,,"25.jpg"
file_no_archive,4f0b6c043447e36f9844ca319c0b8e0de329652d8ce9202e2a130f181136e928,,,"26.jpg"
file_no_archive,a676f906bd572e112bc3c6b2144eb232ffbafa717b3d0b6bd5892374c60baf9c,,,"27.jpg"
file_no_archive,cd3a29025bcd5d63028da28d4269331cd06be4dee5b74d0a3af57b74be2ef669,,,"28.jpg"
file_no_archive,9eedfc82e5fe915a691d28479d978d7234c55599dab3e596e0fa5ddd7c95af46,,,"29.jpg"
