type,file_ref,file_hash,file_size,file_name
file_no_archive,3e4422be8a14a0b07f64f1b25166690f2d46d21cd432a97c36eb5bbc69512485,,,"3e4422be8a14a0b07f64f1b25166690f2d46d21cd432a97c36eb5bbc69512485.fb2.zip"
file_no_archive,82536f6c0b5ec6e4d153f4c3a8375b0023b51ddbe1ff31460317351428072a41,,,"82536f6c0b5ec6e4d153f4c3a8375b0023b51ddbe1ff31460317351428072a41.fb2.zip"
file_no_archive,e25f2b22037cbf4135afb989427dd27d3f53e6e920ffe3ee247c8a431d63e150,,,"e25f2b22037cbf4135afb989427dd27d3f53e6e920ffe3ee247c8a431d63e150.fb2.zip"
file_no_archive,9ba67bad15b2c5ac5a6d0cc9c0dc4536ba04aa22852b92f0b94ba5f6fe0d6010,,,"9ba67bad15b2c5ac5a6d0cc9c0dc4536ba04aa22852b92f0b94ba5f6fe0d6010.fb2.zip"
file_no_archive,ef20956f6b0dd807bf02e0ec757812c9984e2408d09873786d1f15c09a4ffe3d,,,"ef20956f6b0dd807bf02e0ec757812c9984e2408d09873786d1f15c09a4ffe3d.epub"
file_no_archive,571788a5af9b5db073392661137af51724093ed5236529a98f734e3daa6cdf2a,,,"571788a5af9b5db073392661137af51724093ed5236529a98f734e3daa6cdf2a.pdf"
file_no_archive,23523f414e37e26592ea886439ec64c719ce5a6ae048a6623b42ddecd31c1cc1,,,"23523f414e37e26592ea886439ec64c719ce5a6ae048a6623b42ddecd31c1cc1.epub"
file_no_archive,9b681801e62cbf8b131facd72db91f5e2efb85a49a2053aa10f6a41ecb2fca8b,,,"9b681801e62cbf8b131facd72db91f5e2efb85a49a2053aa10f6a41ecb2fca8b.log"
file_no_archive,73fe2e6c496f99a7765ffdc8d4547f95514698757bf8bad3b239c68ed8f378cf,,,"73fe2e6c496f99a7765ffdc8d4547f95514698757bf8bad3b239c68ed8f378cf.mp3"
file_no_archive,2a45a3eb4e9cc1cc713a1aedcb6ac2cfe1a0feb45a02aa3db4d2423dfe48f77f,,,"2a45a3eb4e9cc1cc713a1aedcb6ac2cfe1a0feb45a02aa3db4d2423dfe48f77f.mp3"
file_no_archive,e1e369105da7d93a239c96a0162a78d143653c50f9570b690c0affa081633550,,,"e1e369105da7d93a239c96a0162a78d143653c50f9570b690c0affa081633550.mp3"
file_no_archive,bd06692e47e98e45df8343d81568c9fe00187b2e1867d4aa9d973595019e1e9e,,,"bd06692e47e98e45df8343d81568c9fe00187b2e1867d4aa9d973595019e1e9e.mp3"
file_no_archive,078209ebf333e57d0e5e9e22192f02d7f81a15fab6b31c39066694753fc3ba34,,,"078209ebf333e57d0e5e9e22192f02d7f81a15fab6b31c39066694753fc3ba34.mp3"
file_no_archive,5944b814fe7cbf4e16cd2e6d4d3237df9361750c0e2440052bb90b2136d9c8b9,,,"5944b814fe7cbf4e16cd2e6d4d3237df9361750c0e2440052bb90b2136d9c8b9.mp3"
file_no_archive,5ce7e9bc7f4a6c8e67621a1b9adc0af2401c15169252cf70d84e926513d0f767,,,"5ce7e9bc7f4a6c8e67621a1b9adc0af2401c15169252cf70d84e926513d0f767.fb2.zip"
file_no_archive,99fdd567643ef5ab55e212420031b38099d6d0f202c115d2ec6881f57abeb8a6,,,"99fdd567643ef5ab55e212420031b38099d6d0f202c115d2ec6881f57abeb8a6.fb2.zip"
file_no_archive,d858ab728c2d29f260e0ccb73fb684d5d4d19a7f865fdf04db169298af10b5d8,,,"d858ab728c2d29f260e0ccb73fb684d5d4d19a7f865fdf04db169298af10b5d8.mp4"
file_no_archive,d852b7f5555697fdbf3701a81680a7391ede9c0ebad247eecd5d2c3ada6f5a62,,,"d852b7f5555697fdbf3701a81680a7391ede9c0ebad247eecd5d2c3ada6f5a62.mp4"
file_no_archive,6e9a69bc242aec67ea75fdf8969fcd2052ebbceab2f65f05a4998e2d562db093,,,"6e9a69bc242aec67ea75fdf8969fcd2052ebbceab2f65f05a4998e2d562db093.mp4"
file_no_archive,74a5b398efa277f5329beeba1fa95c28e93bf917916b5784fa3bea5d6582a3af,,,"74a5b398efa277f5329beeba1fa95c28e93bf917916b5784fa3bea5d6582a3af.mp3"
file_no_archive,e737e8ccac6e543344981c13e5d6c4887ed0af428096bbba8f7d46be62493c53,,,"e737e8ccac6e543344981c13e5d6c4887ed0af428096bbba8f7d46be62493c53.mp3"
file_no_archive,217c59d210a7ddb2394c52866c1ae2d75be5acc4fdf6a07b60d2624500f3484d,,,"217c59d210a7ddb2394c52866c1ae2d75be5acc4fdf6a07b60d2624500f3484d.mp3"
file_no_archive,4b840198df954a29053e745ecff73fb1c3d6d5fd2a608c36fb91008d5d934f4f,,,"4b840198df954a29053e745ecff73fb1c3d6d5fd2a608c36fb91008d5d934f4f.mp3"
file_no_archive,b40eb4f27390c87d38d082985cfae2ae90b8bf6f8571fb68f25d71d34c90bcd6,,,"b40eb4f27390c87d38d082985cfae2ae90b8bf6f8571fb68f25d71d34c90bcd6.mp4"
file_no_archive,2489f404d60e0b39f921651875efa02c8a15f49ee1aefdeb0e531352dbf3a497,,,"2489f404d60e0b39f921651875efa02c8a15f49ee1aefdeb0e531352dbf3a497.mp4"
file_no_archive,39bf12ace41c7e7bf5351a6c60c54c4857507e2def7220de1b0f82485efc5e65,,,"39bf12ace41c7e7bf5351a6c60c54c4857507e2def7220de1b0f82485efc5e65.mp4"
file_no_archive,c2b9b678ff920f0c1e4364a3a472e560c5845e0adba161d5a52776b72504ea99,,,"c2b9b678ff920f0c1e4364a3a472e560c5845e0adba161d5a52776b72504ea99.mp4"
file_no_archive,f607d499f700d66eb0366a461d20da8166b92112a8ba4cf2e0ceb30a2b2d7fbf,,,"f607d499f700d66eb0366a461d20da8166b92112a8ba4cf2e0ceb30a2b2d7fbf.mp4"
file_no_archive,10f1f76389523c0db89a5f8109aa45296f30d2f7ec20cb3256d57e887c7dfdc1,,,"10f1f76389523c0db89a5f8109aa45296f30d2f7ec20cb3256d57e887c7dfdc1.mp4"
file_no_archive,f7fa8ac0a2b7fc7d6e488ccedeba839f050199c39bae0b021feed852ad9ce6e4,,,"f7fa8ac0a2b7fc7d6e488ccedeba839f050199c39bae0b021feed852ad9ce6e4.mkv"
file_no_archive,1c6471cd8496277111c2bdb4f92d1aa8d893feda629562773ebc8f143708fcee,,,"1c6471cd8496277111c2bdb4f92d1aa8d893feda629562773ebc8f143708fcee.webm"
file_no_archive,13bbda637a0bd374057c9bff292d57ff4fa51636ebfaa28189c3ec86f9ac6baa,,,"13bbda637a0bd374057c9bff292d57ff4fa51636ebfaa28189c3ec86f9ac6baa.webm"
file_no_archive,2f91d655af7b9c48f0b23f0a0117054183f7640ae92512437f53a3c7658f2cf1,,,"2f91d655af7b9c48f0b23f0a0117054183f7640ae92512437f53a3c7658f2cf1.webm"
file_no_archive,63ed009519feeb4d3d0b653861383577bd093d928a3396f7eed0283503a2ed07,,,"63ed009519feeb4d3d0b653861383577bd093d928a3396f7eed0283503a2ed07.webm"
file_no_archive,37f68af834392777f411db4c9fc37981d5ace568e9104b6c4ffab95ddabf1334,,,"37f68af834392777f411db4c9fc37981d5ace568e9104b6c4ffab95ddabf1334.mp4"
file_no_archive,27d10f465d3b0fbebd49d1bb205bec620f0bf1437b6f4e9bb394ab64a38e1685,,,"27d10f465d3b0fbebd49d1bb205bec620f0bf1437b6f4e9bb394ab64a38e1685.mp4"
file_no_archive,fa088233a6ac5b320f859f7f2581a4d93fefe6c1a13d1d95fa48e728c2ba99f9,,,"fa088233a6ac5b320f859f7f2581a4d93fefe6c1a13d1d95fa48e728c2ba99f9.mp4"
file_no_archive,28d5e3403d7e4807b46f76624e59e92646ce5d593689c18630e23a104ced71fd,,,"28d5e3403d7e4807b46f76624e59e92646ce5d593689c18630e23a104ced71fd.mp4"
file_no_archive,16872eeb8b804eaf28b771db300643720f2ec8e7c81a44cb72d5ac83a845bbd6,,,"16872eeb8b804eaf28b771db300643720f2ec8e7c81a44cb72d5ac83a845bbd6.mp4"
file_no_archive,ab250933fea1127f740c044975c19b92fe4f96fafda9de748786f89867abf4e4,,,"ab250933fea1127f740c044975c19b92fe4f96fafda9de748786f89867abf4e4.mp4"
file_no_archive,944e8ec64654deeab1a7d0b8a2a5b7ebfef74cfa2e2e2062cd62001241072699,,,"944e8ec64654deeab1a7d0b8a2a5b7ebfef74cfa2e2e2062cd62001241072699.mp4"
file_no_archive,7d067a56011457ab8723371095ac4dd4a6ab4a11333ba51d4d4141aa9eb808da,,,"7d067a56011457ab8723371095ac4dd4a6ab4a11333ba51d4d4141aa9eb808da.mp4"
file_no_archive,a4f38697c8a24ec3bbb2cc37922cce5e6ee9e202a1c94ee1afefa8c12501c370,,,"a4f38697c8a24ec3bbb2cc37922cce5e6ee9e202a1c94ee1afefa8c12501c370.mp4"
file_no_archive,e7b256c024b9b86b4b2def73ab803f5728a77abe4234f8b9f3179647a55ad1f1,,,"e7b256c024b9b86b4b2def73ab803f5728a77abe4234f8b9f3179647a55ad1f1.mp4"
file_no_archive,13868dd37ac17a9b53a46fbcdf53f006ad66ad17703812feb65b8a2fd1e9ff15,,,"13868dd37ac17a9b53a46fbcdf53f006ad66ad17703812feb65b8a2fd1e9ff15.mp4"
file_no_archive,c777043655cdf75ace357292ad6c18241b790da9d1facab53ae33d4a02d01988,,,"c777043655cdf75ace357292ad6c18241b790da9d1facab53ae33d4a02d01988.mp4"
file_no_archive,3828e3f8a6e4885b717c1c165d89e77f9941e3a121f05d975445e4d879fae2d9,,,"3828e3f8a6e4885b717c1c165d89e77f9941e3a121f05d975445e4d879fae2d9.mp4"
